{
    "total_runtime": 17.540629863739014,
    "num_documents": 6,
    "input_load_time": 0,
    "workflows": {
        "create_base_text_units": {
            "overall": 0.3440234661102295,
            "0_orderby": 0.0040264129638671875,
            "1_zip": 0.003999948501586914,
            "2_aggregate_override": 0.007002353668212891,
            "3_chunk": 0.26796817779541016,
            "4_select": 0.0050296783447265625,
            "5_unroll": 0.0059719085693359375,
            "6_rename": 0.005997657775878906,
            "7_genid": 0.008030891418457031,
            "8_unzip": 0.006999969482421875,
            "9_copy": 0.0049970149993896484,
            "10_filter": 0.018993377685546875
        },
        "create_base_extracted_entities": {
            "overall": 16.581666231155396,
            "0_entity_extract": 16.56166911125183,
            "1_merge_graphs": 0.013995170593261719
        },
        "create_summarized_entities": {
            "overall": 0.01700282096862793,
            "0_summarize_descriptions": 0.010966300964355469
        }
    }
}