{
    "total_runtime": 2.2500720024108887,
    "num_documents": 1,
    "input_load_time": 0,
    "workflows": {
        "create_base_text_units": {
            "overall": 0.2971010208129883,
            "0_orderby": 0.0029859542846679688,
            "1_zip": 0.003998279571533203,
            "2_aggregate_override": 0.006003618240356445,
            "3_chunk": 0.22719550132751465,
            "4_select": 0.005029916763305664,
            "5_unroll": 0.006970405578613281,
            "6_rename": 0.0050241947174072266,
            "7_genid": 0.0069789886474609375,
            "8_unzip": 0.0070209503173828125,
            "9_copy": 0.004980802536010742,
            "10_filter": 0.01602911949157715
        },
        "create_base_extracted_entities": {
            "overall": 1.3772974014282227,
            "0_entity_extract": 1.3592746257781982,
            "1_merge_graphs": 0.010998964309692383
        },
        "create_summarized_entities": {
            "overall": 0.02215409278869629,
            "0_summarize_descriptions": 0.015154838562011719
        }
    }
}