{
    "total_runtime": 20.59737753868103,
    "num_documents": 6,
    "input_load_time": 0,
    "workflows": {
        "create_base_text_units": {
            "overall": 1.1549012660980225,
            "0_orderby": 0.008001089096069336,
            "1_zip": 0.0070035457611083984,
            "2_aggregate_override": 0.015000581741333008,
            "3_chunk": 0.9208931922912598,
            "4_select": 0.016006946563720703,
            "5_unroll": 0.05399346351623535,
            "6_rename": 0.029001951217651367,
            "7_genid": 0.01800704002380371,
            "8_unzip": 0.013993978500366211,
            "9_copy": 0.007997512817382812,
            "10_filter": 0.060002803802490234
        },
        "create_base_extracted_entities": {
            "overall": 17.79398274421692,
            "0_entity_extract": 17.736987829208374,
            "1_merge_graphs": 0.047997236251831055
        },
        "create_summarized_entities": {
            "overall": 0.1529984474182129,
            "0_summarize_descriptions": 0.14596843719482422
        },
        "create_base_entity_graph": {
            "overall": 0.10800409317016602,
            "0_cluster_graph": 0.09100103378295898,
            "1_select": 0.009001493453979492
        }
    }
}