{
    "total_runtime": 17.777263879776,
    "num_documents": 6,
    "input_load_time": 0,
    "workflows": {
        "create_base_text_units": {
            "overall": 0.590522289276123,
            "0_orderby": 0.003000497817993164,
            "1_zip": 0.00400090217590332,
            "2_aggregate_override": 0.007000446319580078,
            "3_chunk": 0.51751708984375,
            "4_select": 0.005000591278076172,
            "5_unroll": 0.005001068115234375,
            "6_rename": 0.005002737045288086,
            "7_genid": 0.006996631622314453,
            "8_unzip": 0.008005142211914062,
            "9_copy": 0.0060002803802490234,
            "10_filter": 0.01899576187133789
        },
        "create_base_extracted_entities": {
            "overall": 16.508716821670532,
            "0_entity_extract": 16.482603549957275,
            "1_merge_graphs": 0.014999866485595703
        },
        "create_summarized_entities": {
            "overall": 0.018001079559326172,
            "0_summarize_descriptions": 0.010999679565429688
        }
    }
}