{
    "total_runtime": 5.562715768814087,
    "num_documents": 73,
    "input_load_time": 0,
    "workflows": {
        "create_base_text_units": {
            "overall": 1.28322434425354,
            "0_orderby": 0.00899362564086914,
            "1_zip": 0.006007194519042969,
            "2_aggregate_override": 0.012992620468139648,
            "3_chunk": 1.139047622680664,
            "4_select": 0.005974292755126953,
            "5_unroll": 0.011004924774169922,
            "6_rename": 0.00499725341796875,
            "7_genid": 0.03632521629333496,
            "8_unzip": 0.010996818542480469,
            "9_copy": 0.006999969482421875,
            "10_filter": 0.03589034080505371
        },
        "create_base_extracted_entities": {
            "overall": 3.736377477645874,
            "0_entity_extract": 2.914367437362671,
            "1_merge_graphs": 0.8140037059783936
        }
    }
}