{
    "total_runtime": 19.398557424545288,
    "num_documents": 6,
    "input_load_time": 0,
    "workflows": {
        "create_base_text_units": {
            "overall": 0.5457339286804199,
            "0_orderby": 0.003991127014160156,
            "1_zip": 0.005005836486816406,
            "2_aggregate_override": 0.011998653411865234,
            "3_chunk": 0.4077308177947998,
            "4_select": 0.0059969425201416016,
            "5_unroll": 0.011998414993286133,
            "6_rename": 0.01700568199157715,
            "7_genid": 0.013001203536987305,
            "8_unzip": 0.01299738883972168,
            "9_copy": 0.009999990463256836,
            "10_filter": 0.03999948501586914
        },
        "create_base_extracted_entities": {
            "overall": 17.466968774795532,
            "0_entity_extract": 17.419941186904907,
            "1_merge_graphs": 0.03900861740112305
        },
        "create_summarized_entities": {
            "overall": 0.18959403038024902,
            "0_summarize_descriptions": 0.18259644508361816
        },
        "create_base_entity_graph": {
            "overall": 0.1409757137298584,
            "0_cluster_graph": 0.11197352409362793,
            "1_select": 0.022002220153808594
        }
    }
}