{
    "total_runtime": 627.3763017654419,
    "num_documents": 1,
    "input_load_time": 0,
    "workflows": {
        "create_base_text_units": {
            "overall": 0.2943429946899414,
            "0_orderby": 0.003596067428588867,
            "1_zip": 0.003216981887817383,
            "2_aggregate_override": 0.006515979766845703,
            "3_chunk": 0.22757625579833984,
            "4_select": 0.005002498626708984,
            "5_unroll": 0.006998538970947266,
            "6_rename": 0.003999471664428711,
            "7_genid": 0.006999969482421875,
            "8_unzip": 0.004999876022338867,
            "9_copy": 0.006002187728881836,
            "10_filter": 0.017000436782836914
        },
        "create_base_extracted_entities": {
            "overall": 60.863823890686035,
            "0_entity_extract": 60.76017189025879,
            "1_merge_graphs": 0.09765505790710449
        },
        "create_summarized_entities": {
            "overall": 10.343762159347534,
            "0_summarize_descriptions": 10.337696552276611
        },
        "create_base_entity_graph": {
            "overall": 0.24316930770874023,
            "0_cluster_graph": 0.22308611869812012,
            "1_select": 0.013084888458251953
        },
        "create_final_entities": {
            "overall": 4.193637371063232,
            "0_unpack_graph": 0.09499812126159668,
            "1_rename": 0.011001348495483398,
            "2_select": 0.012003898620605469,
            "3_dedupe": 0.0149993896484375,
            "4_rename": 0.013001203536987305,
            "5_filter": 0.03599858283996582,
            "6_text_split": 0.022001028060913086,
            "7_drop": 0.014997720718383789,
            "8_merge": 0.08399772644042969,
            "9_text_embed": 3.832695484161377,
            "10_drop": 0.017780303955078125,
            "11_filter": 0.030656099319458008
        },
        "create_final_nodes": {
            "overall": 0.7242112159729004,
            "0_layout_graph": 0.21300077438354492,
            "1_unpack_graph": 0.2284834384918213,
            "2_unpack_graph": 0.06303119659423828,
            "3_drop": 0.011968612670898438,
            "4_filter": 0.03600883483886719,
            "5_select": 0.016021728515625,
            "6_rename": 0.01497197151184082,
            "7_convert": 0.0749969482421875,
            "8_join": 0.03400373458862305,
            "9_rename": 0.020997047424316406
        },
        "create_final_communities": {
            "overall": 0.572242259979248,
            "0_unpack_graph": 0.08523964881896973,
            "1_unpack_graph": 0.06499600410461426,
            "2_aggregate_override": 0.01800227165222168,
            "3_join": 0.02799677848815918,
            "4_join": 0.023029088973999023,
            "5_concat": 0.01597452163696289,
            "6_filter": 0.1439974308013916,
            "7_aggregate_override": 0.029999494552612305,
            "8_join": 0.022997140884399414,
            "9_filter": 0.04000234603881836,
            "10_fill": 0.017997264862060547,
            "11_merge": 0.026999950408935547,
            "12_copy": 0.01900005340576172,
            "13_select": 0.020004987716674805
        },
        "join_text_units_to_entity_ids": {
            "overall": 0.11774659156799316,
            "0_select": 0.026224613189697266,
            "1_unroll": 0.02789306640625,
            "2_aggregate_override": 0.04196023941040039
        },
        "create_final_relationships": {
            "overall": 0.40999841690063477,
            "0_unpack_graph": 0.08100128173828125,
            "1_filter": 0.05700230598449707,
            "2_rename": 0.021999597549438477,
            "3_filter": 0.0670011043548584,
            "4_drop": 0.028998374938964844,
            "5_compute_edge_combined_degree": 0.02900099754333496,
            "6_convert": 0.05499839782714844,
            "7_convert": 0.04999852180480957
        },
        "join_text_units_to_relationship_ids": {
            "overall": 0.19168329238891602,
            "0_select": 0.0429990291595459,
            "1_unroll": 0.029002666473388672,
            "2_aggregate_override": 0.04368257522583008,
            "3_select": 0.04000067710876465
        },
        "create_final_community_reports": {
            "overall": 544.5750346183777,
            "0_prepare_community_reports_nodes": 0.04136037826538086,
            "1_prepare_community_reports_edges": 0.06799578666687012,
            "2_restore_community_hierarchy": 0.03400135040283203,
            "3_prepare_community_reports": 0.3079991340637207,
            "4_create_community_reports": 544.0556874275208,
            "5_window": 0.04498696327209473
        },
        "create_final_text_units": {
            "overall": 0.2825803756713867,
            "0_select": 0.03300762176513672,
            "1_rename": 0.028032541275024414,
            "2_join": 0.04095959663391113,
            "3_join": 0.06999731063842773,
            "4_aggregate_override": 0.039012908935546875,
            "5_select": 0.04599714279174805
        },
        "create_base_documents": {
            "overall": 0.3574187755584717,
            "0_unroll": 0.03403043746948242,
            "1_select": 0.029976844787597656,
            "2_rename": 0.03802347183227539,
            "3_join": 0.03396248817443848,
            "4_aggregate_override": 0.02953481674194336,
            "5_join": 0.037793874740600586,
            "6_rename": 0.04400205612182617,
            "7_convert": 0.0769968032836914
        },
        "create_final_documents": {
            "overall": 0.06498980522155762,
            "0_rename": 0.035953521728515625
        }
    }
}