{
    "total_runtime": 20.47507333755493,
    "num_documents": 6,
    "input_load_time": 0,
    "workflows": {
        "create_base_text_units": {
            "overall": 0.9928741455078125,
            "0_orderby": 0.009737730026245117,
            "1_zip": 0.011002302169799805,
            "2_aggregate_override": 0.016998767852783203,
            "3_chunk": 0.7993552684783936,
            "4_select": 0.005997180938720703,
            "5_unroll": 0.011999368667602539,
            "6_rename": 0.0110015869140625,
            "7_genid": 0.014003515243530273,
            "8_unzip": 0.025998353958129883,
            "9_copy": 0.015001296997070312,
            "10_filter": 0.065521240234375
        },
        "create_base_extracted_entities": {
            "overall": 17.58497166633606,
            "0_entity_extract": 17.54000163078308,
            "1_merge_graphs": 0.03597116470336914
        },
        "create_summarized_entities": {
            "overall": 0.13820362091064453,
            "0_summarize_descriptions": 0.13122868537902832
        },
        "create_base_entity_graph": {
            "overall": 0.11897516250610352,
            "0_cluster_graph": 0.10300135612487793,
            "1_select": 0.007998466491699219
        }
    }
}