{
    "total_runtime": 0.5622642040252686,
    "num_documents": 1,
    "input_load_time": 0,
    "workflows": {
        "create_base_text_units": {
            "overall": 0.35959839820861816,
            "0_orderby": 0.00400233268737793,
            "1_zip": 0.0049970149993896484,
            "2_aggregate_override": 0.0060002803802490234,
            "3_chunk": 0.2810640335083008,
            "4_select": 0.005997896194458008,
            "5_unroll": 0.0060002803802490234,
            "6_rename": 0.00500178337097168,
            "7_genid": 0.008999109268188477,
            "8_unzip": 0.006510734558105469,
            "9_copy": 0.0060002803802490234,
            "10_filter": 0.021023035049438477
        }
    }
}