{
    "total_runtime": 0.5673470497131348,
    "num_documents": 6,
    "input_load_time": 0,
    "workflows": {
        "create_base_text_units": {
            "overall": 0.4349946975708008,
            "0_orderby": 0.007999420166015625,
            "1_zip": 0.0039997100830078125,
            "2_aggregate_override": 0.008994102478027344,
            "3_chunk": 0.32500743865966797,
            "4_select": 0.00699925422668457,
            "5_unroll": 0.010995864868164062,
            "6_rename": 0.005998849868774414,
            "7_genid": 0.010001659393310547,
            "8_unzip": 0.010007858276367188,
            "9_copy": 0.008992910385131836,
            "10_filter": 0.033997297286987305
        }
    }
}