{
    "total_runtime": 19.440383911132812,
    "num_documents": 6,
    "input_load_time": 0,
    "workflows": {
        "create_base_text_units": {
            "overall": 0.5300335884094238,
            "0_orderby": 0.0029973983764648438,
            "1_zip": 0.004002809524536133,
            "2_aggregate_override": 0.007999897003173828,
            "3_chunk": 0.4040346145629883,
            "4_select": 0.005997419357299805,
            "5_unroll": 0.006000995635986328,
            "6_rename": 0.006003141403198242,
            "7_genid": 0.029000282287597656,
            "8_unzip": 0.012996196746826172,
            "9_copy": 0.014002799987792969,
            "10_filter": 0.03099822998046875
        },
        "create_base_extracted_entities": {
            "overall": 17.78976321220398,
            "0_entity_extract": 17.759905338287354,
            "1_merge_graphs": 0.01900172233581543
        },
        "create_summarized_entities": {
            "overall": 0.018996715545654297,
            "0_summarize_descriptions": 0.012998104095458984
        }
    }
}