{
    "total_runtime": 6441.26539182663,
    "num_documents": 73,
    "input_load_time": 0,
    "workflows": {
        "create_base_text_units": {
            "overall": 0.9060249328613281,
            "0_orderby": 0.00500035285949707,
            "1_zip": 0.003000020980834961,
            "2_aggregate_override": 0.010001659393310547,
            "3_chunk": 0.7929983139038086,
            "4_select": 0.003971099853515625,
            "5_unroll": 0.008029699325561523,
            "6_rename": 0.0049707889556884766,
            "7_genid": 0.023999452590942383,
            "8_unzip": 0.007002592086791992,
            "9_copy": 0.004998207092285156,
            "10_filter": 0.038024187088012695
        },
        "create_base_extracted_entities": {
            "overall": 6439.977372169495,
            "0_entity_extract": 6439.386368513107,
            "1_merge_graphs": 0.5849988460540771
        }
    }
}