{
    "total_runtime": 191.58484387397766,
    "num_documents": 1,
    "input_load_time": 0,
    "workflows": {
        "create_base_text_units": {
            "overall": 0.5363340377807617,
            "0_orderby": 0.004000663757324219,
            "1_zip": 0.0039997100830078125,
            "2_aggregate_override": 0.007000446319580078,
            "3_chunk": 0.40633344650268555,
            "4_select": 0.0069959163665771484,
            "5_unroll": 0.008007049560546875,
            "6_rename": 0.007998466491699219,
            "7_genid": 0.010998964309692383,
            "8_unzip": 0.009994983673095703,
            "9_copy": 0.023003101348876953,
            "10_filter": 0.0449981689453125
        },
        "create_base_extracted_entities": {
            "overall": 190.37208700180054,
            "0_entity_extract": 190.33808827400208,
            "1_merge_graphs": 0.023998260498046875
        }
    }
}