{
    "total_runtime": 0.4383533000946045,
    "num_documents": 1,
    "input_load_time": 0,
    "workflows": {
        "create_base_text_units": {
            "overall": 0.29935359954833984,
            "0_orderby": 0.003975391387939453,
            "1_zip": 0.00399327278137207,
            "2_aggregate_override": 0.006995201110839844,
            "3_chunk": 0.2283158302307129,
            "4_select": 0.00500035285949707,
            "5_unroll": 0.006993532180786133,
            "6_rename": 0.0050067901611328125,
            "7_genid": 0.005991935729980469,
            "8_unzip": 0.007000446319580078,
            "9_copy": 0.006006717681884766,
            "10_filter": 0.018037796020507812
        }
    }
}