{
    "total_runtime": 4440.53356385231,
    "num_documents": 73,
    "input_load_time": 0,
    "workflows": {
        "create_base_text_units": {
            "overall": 1.2110013961791992,
            "0_orderby": 0.0049991607666015625,
            "1_zip": 0.003000020980834961,
            "2_aggregate_override": 0.01000356674194336,
            "3_chunk": 1.1059939861297607,
            "4_select": 0.004002571105957031,
            "5_unroll": 0.006001949310302734,
            "6_rename": 0.0039942264556884766,
            "7_genid": 0.03400444984436035,
            "8_unzip": 0.006999015808105469,
            "9_copy": 0.004000663757324219,
            "10_filter": 0.02500176429748535
        },
        "create_base_extracted_entities": {
            "overall": 4438.946564435959,
            "0_entity_extract": 4438.527496576309,
            "1_merge_graphs": 0.41406869888305664
        }
    }
}