{
    "total_runtime": 793.7374613285065,
    "num_documents": 6,
    "input_load_time": 0,
    "workflows": {
        "create_base_text_units": {
            "overall": 0.3750007152557373,
            "0_orderby": 0.007996797561645508,
            "1_zip": 0.0049741268157958984,
            "2_aggregate_override": 0.009031534194946289,
            "3_chunk": 0.2909684181213379,
            "4_select": 0.004998445510864258,
            "5_unroll": 0.009003639221191406,
            "6_rename": 0.004998207092285156,
            "7_genid": 0.009007692337036133,
            "8_unzip": 0.005990743637084961,
            "9_copy": 0.006031036376953125,
            "10_filter": 0.018993616104125977
        },
        "create_base_extracted_entities": {
            "overall": 217.12014079093933,
            "0_entity_extract": 217.04013967514038,
            "1_merge_graphs": 0.07500171661376953
        },
        "create_summarized_entities": {
            "overall": 13.77778935432434,
            "0_summarize_descriptions": 13.771788358688354
        },
        "create_base_entity_graph": {
            "overall": 0.22214269638061523,
            "0_cluster_graph": 0.20459985733032227,
            "1_select": 0.009043216705322266
        },
        "create_final_entities": {
            "overall": 6.134217977523804,
            "0_unpack_graph": 0.06600403785705566,
            "1_rename": 0.008997917175292969,
            "2_select": 0.009029150009155273,
            "3_dedupe": 0.009969949722290039,
            "4_rename": 0.009029626846313477,
            "5_filter": 0.021994590759277344,
            "6_text_split": 0.011976003646850586,
            "7_drop": 0.012035131454467773,
            "8_merge": 0.05499744415283203,
            "9_text_embed": 5.878163814544678,
            "10_drop": 0.011995077133178711,
            "11_filter": 0.033029794692993164
        },
        "create_final_nodes": {
            "overall": 0.7839975357055664,
            "0_layout_graph": 0.24399662017822266,
            "1_unpack_graph": 0.23300457000732422,
            "2_unpack_graph": 0.09399533271789551,
            "3_drop": 0.012004375457763672,
            "4_filter": 0.03599739074707031,
            "5_select": 0.01600050926208496,
            "6_rename": 0.014998674392700195,
            "7_join": 0.027002334594726562,
            "8_convert": 0.07200121879577637,
            "9_rename": 0.01799631118774414
        },
        "create_final_communities": {
            "overall": 0.6440234184265137,
            "0_unpack_graph": 0.09099602699279785,
            "1_unpack_graph": 0.06502366065979004,
            "2_aggregate_override": 0.02100062370300293,
            "3_join": 0.027981281280517578,
            "4_join": 0.027995586395263672,
            "5_concat": 0.020001649856567383,
            "6_filter": 0.18999838829040527,
            "7_aggregate_override": 0.04000043869018555,
            "8_join": 0.020999431610107422,
            "9_filter": 0.0449981689453125,
            "10_fill": 0.01702570915222168,
            "11_merge": 0.02497577667236328,
            "12_copy": 0.018999338150024414,
            "13_select": 0.018024682998657227
        },
        "join_text_units_to_entity_ids": {
            "overall": 0.08204984664916992,
            "0_select": 0.019550561904907227,
            "1_unroll": 0.018969297409057617,
            "2_aggregate_override": 0.026121854782104492
        },
        "create_final_relationships": {
            "overall": 0.434002161026001,
            "0_unpack_graph": 0.12499380111694336,
            "1_filter": 0.05103445053100586,
            "2_rename": 0.04597282409667969,
            "3_filter": 0.06402921676635742,
            "4_drop": 0.021982192993164062,
            "5_compute_edge_combined_degree": 0.027981281280517578,
            "6_convert": 0.04800128936767578,
            "7_convert": 0.024999618530273438
        },
        "join_text_units_to_relationship_ids": {
            "overall": 0.17099285125732422,
            "0_select": 0.04503035545349121,
            "1_unroll": 0.0319666862487793,
            "2_aggregate_override": 0.03800177574157715,
            "3_select": 0.030997753143310547
        },
        "create_final_community_reports": {
            "overall": 549.3882598876953,
            "0_prepare_community_reports_nodes": 0.035002946853637695,
            "1_prepare_community_reports_edges": 0.03299665451049805,
            "2_restore_community_hierarchy": 0.04102587699890137,
            "3_prepare_community_reports": 0.24500226974487305,
            "4_create_community_reports": 548.9716455936432,
            "5_window": 0.04007291793823242
        },
        "create_final_text_units": {
            "overall": 0.19900989532470703,
            "0_select": 0.02600240707397461,
            "1_rename": 0.02603888511657715,
            "2_join": 0.03096318244934082,
            "3_join": 0.03202176094055176,
            "4_aggregate_override": 0.0320124626159668,
            "5_select": 0.027974843978881836
        },
        "create_base_documents": {
            "overall": 0.5694892406463623,
            "0_unroll": 0.03499770164489746,
            "1_select": 0.04301285743713379,
            "2_rename": 0.07350635528564453,
            "3_join": 0.06000328063964844,
            "4_aggregate_override": 0.043994903564453125,
            "5_join": 0.05100655555725098,
            "6_rename": 0.06299614906311035,
            "7_convert": 0.17099714279174805
        },
        "create_final_documents": {
            "overall": 0.06299901008605957,
            "0_rename": 0.03399777412414551
        }
    }
}