{
    "total_runtime": 2558.4008042812347,
    "num_documents": 73,
    "input_load_time": 0,
    "workflows": {
        "create_base_text_units": {
            "overall": 2.3956916332244873,
            "0_orderby": 0.004004478454589844,
            "1_zip": 0.004996299743652344,
            "2_aggregate_override": 0.010001659393310547,
            "3_chunk": 2.1883275508880615,
            "4_select": 0.00899958610534668,
            "5_unroll": 0.012999534606933594,
            "6_rename": 0.008997917175292969,
            "7_genid": 0.03880167007446289,
            "8_unzip": 0.015999555587768555,
            "9_copy": 0.011523008346557617,
            "10_filter": 0.08104443550109863
        },
        "create_base_extracted_entities": {
            "overall": 2555.2718324661255,
            "0_entity_extract": 2552.2769362926483,
            "1_merge_graphs": 2.985896587371826
        }
    }
}