{
    "total_runtime": 19.50542974472046,
    "num_documents": 6,
    "input_load_time": 0,
    "workflows": {
        "create_base_text_units": {
            "overall": 0.6131274700164795,
            "0_orderby": 0.007999181747436523,
            "1_zip": 0.003999233245849609,
            "2_aggregate_override": 0.01197052001953125,
            "3_chunk": 0.4851219654083252,
            "4_select": 0.005002021789550781,
            "5_unroll": 0.015000343322753906,
            "6_rename": 0.007997989654541016,
            "7_genid": 0.010997533798217773,
            "8_unzip": 0.010999202728271484,
            "9_copy": 0.0050029754638671875,
            "10_filter": 0.043996572494506836
        },
        "create_base_extracted_entities": {
            "overall": 17.915449857711792,
            "0_entity_extract": 17.886481046676636,
            "1_merge_graphs": 0.021970033645629883
        },
        "create_summarized_entities": {
            "overall": 0.022006988525390625,
            "0_summarize_descriptions": 0.015003442764282227
        }
    }
}