{
    "total_runtime": 258.21569061279297,
    "num_documents": 1,
    "input_load_time": 0,
    "workflows": {
        "create_base_text_units": {
            "overall": 0.3792276382446289,
            "0_orderby": 0.007001161575317383,
            "1_zip": 0.0060002803802490234,
            "2_aggregate_override": 0.010998964309692383,
            "3_chunk": 0.2933614253997803,
            "4_select": 0.006890058517456055,
            "5_unroll": 0.008996009826660156,
            "6_rename": 0.006002187728881836,
            "7_genid": 0.006998300552368164,
            "8_unzip": 0.005999565124511719,
            "9_copy": 0.005002260208129883,
            "10_filter": 0.018996715545654297
        },
        "create_base_extracted_entities": {
            "overall": 257.3773024082184,
            "0_entity_extract": 257.3523271083832,
            "1_merge_graphs": 0.019002199172973633
        }
    }
}