{
    "total_runtime": 20.24922513961792,
    "num_documents": 6,
    "input_load_time": 0,
    "workflows": {
        "create_base_text_units": {
            "overall": 0.6129202842712402,
            "0_orderby": 0.0039975643157958984,
            "1_zip": 0.006967306137084961,
            "2_aggregate_override": 0.008008480072021484,
            "3_chunk": 0.4502232074737549,
            "4_select": 0.009752273559570312,
            "5_unroll": 0.015420198440551758,
            "6_rename": 0.020982027053833008,
            "7_genid": 0.01691722869873047,
            "8_unzip": 0.013002157211303711,
            "9_copy": 0.008997440338134766,
            "10_filter": 0.05500960350036621
        },
        "create_base_extracted_entities": {
            "overall": 17.846078872680664,
            "0_entity_extract": 17.789159536361694,
            "1_merge_graphs": 0.047916412353515625
        },
        "create_summarized_entities": {
            "overall": 0.4102513790130615,
            "0_summarize_descriptions": 0.40325093269348145
        },
        "create_base_entity_graph": {
            "overall": 0.16300106048583984,
            "0_cluster_graph": 0.1399984359741211,
            "1_select": 0.012001514434814453
        }
    }
}