{
    "total_runtime": 4622.135971784592,
    "num_documents": 73,
    "input_load_time": 0,
    "workflows": {
        "create_base_text_units": {
            "overall": 1.0818979740142822,
            "0_orderby": 0.0030002593994140625,
            "1_zip": 0.004069089889526367,
            "2_aggregate_override": 0.006972312927246094,
            "3_chunk": 0.9756748676300049,
            "4_select": 0.003998994827270508,
            "5_unroll": 0.004999637603759766,
            "6_rename": 0.003999471664428711,
            "7_genid": 0.024001121520996094,
            "8_unzip": 0.006001472473144531,
            "9_copy": 0.0050220489501953125,
            "10_filter": 0.04018831253051758
        },
        "create_base_extracted_entities": {
            "overall": 4620.590653657913,
            "0_entity_extract": 4619.961842298508,
            "1_merge_graphs": 0.6228084564208984
        }
    }
}