{
    "total_runtime": 1.4350810050964355,
    "num_documents": 73,
    "input_load_time": 0,
    "workflows": {
        "create_base_text_units": {
            "overall": 1.2930774688720703,
            "0_orderby": 0.005997419357299805,
            "1_zip": 0.009001016616821289,
            "2_aggregate_override": 0.010027647018432617,
            "3_chunk": 1.158287763595581,
            "4_select": 0.0050051212310791016,
            "5_unroll": 0.005994081497192383,
            "6_rename": 0.004998922348022461,
            "7_genid": 0.03400301933288574,
            "8_unzip": 0.01382303237915039,
            "9_copy": 0.009378910064697266,
            "10_filter": 0.03255939483642578
        }
    }
}