{
    "total_runtime": 2.3016457557678223,
    "num_documents": 1,
    "input_load_time": 0,
    "workflows": {
        "create_base_text_units": {
            "overall": 0.3132472038269043,
            "0_orderby": 0.0029990673065185547,
            "1_zip": 0.003000974655151367,
            "2_aggregate_override": 0.006029605865478516,
            "3_chunk": 0.24218034744262695,
            "4_select": 0.004994630813598633,
            "5_unroll": 0.007999658584594727,
            "6_rename": 0.005029439926147461,
            "7_genid": 0.007969141006469727,
            "8_unzip": 0.006004810333251953,
            "9_copy": 0.004985809326171875,
            "10_filter": 0.018002033233642578
        },
        "create_base_extracted_entities": {
            "overall": 1.426466941833496,
            "0_entity_extract": 1.408416509628296,
            "1_merge_graphs": 0.012024402618408203
        },
        "create_summarized_entities": {
            "overall": 0.016007661819458008,
            "0_summarize_descriptions": 0.009972572326660156
        }
    }
}