{
    "total_runtime": 5.567858457565308,
    "num_documents": 1,
    "input_load_time": 0,
    "workflows": {
        "create_base_text_units": {
            "overall": 3.1770033836364746,
            "0_orderby": 0.008007526397705078,
            "1_zip": 0.0049932003021240234,
            "2_aggregate_override": 0.008999109268188477,
            "3_chunk": 3.0689313411712646,
            "4_select": 0.007999181747436523,
            "5_unroll": 0.011524677276611328,
            "6_rename": 0.004511117935180664,
            "7_genid": 0.00800180435180664,
            "8_unzip": 0.0070018768310546875,
            "9_copy": 0.007000446319580078,
            "10_filter": 0.036995649337768555
        },
        "create_base_extracted_entities": {
            "overall": 1.6869399547576904,
            "0_entity_extract": 1.6588594913482666,
            "1_merge_graphs": 0.02108144760131836
        },
        "create_summarized_entities": {
            "overall": 0.016999244689941406,
            "0_summarize_descriptions": 0.010975360870361328
        }
    }
}