{
    "total_runtime": 3.0670595169067383,
    "num_documents": 6,
    "input_load_time": 0,
    "workflows": {
        "create_base_text_units": {
            "overall": 0.395627498626709,
            "0_orderby": 0.008135080337524414,
            "1_zip": 0.0043621063232421875,
            "2_aggregate_override": 0.009510040283203125,
            "3_chunk": 0.2873117923736572,
            "4_select": 0.004999637603759766,
            "5_unroll": 0.00900125503540039,
            "6_rename": 0.006002187728881836,
            "7_genid": 0.008025646209716797,
            "8_unzip": 0.006970882415771484,
            "9_copy": 0.005003452301025391,
            "10_filter": 0.04199624061584473
        },
        "create_base_extracted_entities": {
            "overall": 2.045236110687256,
            "0_entity_extract": 2.020233392715454,
            "1_merge_graphs": 0.019000530242919922
        },
        "create_summarized_entities": {
            "overall": 0.01802515983581543,
            "0_summarize_descriptions": 0.012024402618408203
        }
    }
}