{
    "total_runtime": 1.5119986534118652,
    "num_documents": 1,
    "input_load_time": 0,
    "workflows": {
        "create_base_text_units": {
            "overall": 0.6293859481811523,
            "0_orderby": 0.009995222091674805,
            "1_zip": 0.026005268096923828,
            "2_aggregate_override": 0.028003454208374023,
            "3_chunk": 0.4263782501220703,
            "4_select": 0.010998010635375977,
            "5_unroll": 0.015000104904174805,
            "6_rename": 0.006999969482421875,
            "7_genid": 0.00799870491027832,
            "8_unzip": 0.015000581741333008,
            "9_copy": 0.019000768661499023,
            "10_filter": 0.05500221252441406
        }
    }
}