{
    "total_runtime": 5.369592189788818,
    "num_documents": 6,
    "input_load_time": 0,
    "workflows": {
        "create_base_text_units": {
            "overall": 0.9490015506744385,
            "0_orderby": 0.011002302169799805,
            "1_zip": 0.010000944137573242,
            "2_aggregate_override": 0.01600050926208496,
            "3_chunk": 0.6409988403320312,
            "4_select": 0.009996891021728516,
            "5_unroll": 0.011001110076904297,
            "6_rename": 0.02000570297241211,
            "7_genid": 0.02899456024169922,
            "8_unzip": 0.03600025177001953,
            "9_copy": 0.03201007843017578,
            "10_filter": 0.12898969650268555
        },
        "create_base_extracted_entities": {
            "overall": 3.3749194145202637,
            "0_entity_extract": 3.2761340141296387,
            "1_merge_graphs": 0.0879979133605957
        }
    }
}