{
    "total_runtime": 1240.6116943359375,
    "num_documents": 6,
    "input_load_time": 0,
    "workflows": {
        "create_base_text_units": {
            "overall": 0.4339723587036133,
            "0_orderby": 0.003997802734375,
            "1_zip": 0.004029989242553711,
            "2_aggregate_override": 0.007973194122314453,
            "3_chunk": 0.3269972801208496,
            "4_select": 0.005000114440917969,
            "5_unroll": 0.005999088287353516,
            "6_rename": 0.00599980354309082,
            "7_genid": 0.014002561569213867,
            "8_unzip": 0.01600360870361328,
            "9_copy": 0.00699615478515625,
            "10_filter": 0.03399991989135742
        },
        "create_base_extracted_entities": {
            "overall": 1052.4974722862244,
            "0_entity_extract": 1052.4334444999695,
            "1_merge_graphs": 0.05702686309814453
        },
        "create_summarized_entities": {
            "overall": 186.51552295684814,
            "0_summarize_descriptions": 186.5075342655182
        },
        "create_base_entity_graph": {
            "overall": 0.17595815658569336,
            "0_cluster_graph": 0.16100740432739258,
            "1_select": 0.007965326309204102
        }
    }
}