{
    "total_runtime": 1.4615435600280762,
    "num_documents": 73,
    "input_load_time": 0,
    "workflows": {
        "create_base_text_units": {
            "overall": 1.32554292678833,
            "0_orderby": 0.003979921340942383,
            "1_zip": 0.004027843475341797,
            "2_aggregate_override": 0.00700068473815918,
            "3_chunk": 1.1921911239624023,
            "4_select": 0.005998134613037109,
            "5_unroll": 0.015323400497436523,
            "6_rename": 0.0070018768310546875,
            "7_genid": 0.0339970588684082,
            "8_unzip": 0.010002851486206055,
            "9_copy": 0.0059967041015625,
            "10_filter": 0.0370025634765625
        }
    }
}