{
    "total_runtime": 1144.8277173042297,
    "num_documents": 73,
    "input_load_time": 0,
    "workflows": {
        "create_base_text_units": {
            "overall": 1.2076518535614014,
            "0_orderby": 0.008033037185668945,
            "1_zip": 0.0059888362884521484,
            "2_aggregate_override": 0.011989355087280273,
            "3_chunk": 1.0656695365905762,
            "4_select": 0.006003379821777344,
            "5_unroll": 0.009996652603149414,
            "6_rename": 0.006008148193359375,
            "7_genid": 0.027991533279418945,
            "8_unzip": 0.008033275604248047,
            "9_copy": 0.005997180938720703,
            "10_filter": 0.04897046089172363
        },
        "create_base_extracted_entities": {
            "overall": 1143.1423354148865,
            "0_entity_extract": 1142.5160975456238,
            "1_merge_graphs": 0.6202392578125
        }
    }
}