{
    "total_runtime": 1.3583080768585205,
    "num_documents": 73,
    "input_load_time": 0,
    "workflows": {
        "create_base_text_units": {
            "overall": 1.2190029621124268,
            "0_orderby": 0.00299835205078125,
            "1_zip": 0.004001617431640625,
            "2_aggregate_override": 0.006996631622314453,
            "3_chunk": 1.099003553390503,
            "4_select": 0.005997896194458008,
            "5_unroll": 0.00799870491027832,
            "6_rename": 0.006003856658935547,
            "7_genid": 0.0319979190826416,
            "8_unzip": 0.012003421783447266,
            "9_copy": 0.009001493453979492,
            "10_filter": 0.027992963790893555
        }
    }
}